fichier;saison;competition;journee;date;domicile;exterieur;diffuseur;nom_cible;statut
BresciaJuventus 2003-04.jpg;2003-2004;Serie A;;;;;;;A VERIFIER
J10 Inter vs Reggina (Serie A 03-04) Sky.jpg;2003-2004;Serie A;10;;Inter;Reggina;Sky;;PARTIEL
J17 2003.04 Juventus Siena.jpg;2003-2004;Serie A;17;;Juventus;Siena;;;PARTIEL
J28 Inter vs Juventus (Serie A 03-04) Sky.jpg;2003-2004;Serie A;28;;Inter;Juventus;Sky;;PARTIEL
J28 Udinese vs Brescia (Serie A 03-04) Sky.jpg;2003-2004;Serie A;28;;Udinese;Brescia;Sky;;PARTIEL
J3 Brescia vs Reggina (Serie A 03-04) [GC Ita 576p].jpg;2003-2004;Serie A;3;;Brescia;Reggina;Gioco Calcio;;PARTIEL
J34 Parma vs Udinese (Serie A 03-04) Sky.jpg;2003-2004;Serie A;34;;Parma;Udinese;Sky;;PARTIEL
Milan vs Udinese (Serie A 03-04).jpg;2003-2004;Serie A;;;Milan;Udinese;;;PARTIEL
MILAN-ANCONA 2003-04 (RUS).jpg;2003-2004;Serie A;;;Milan;Ancona;;;PARTIEL
Parma vs Milan (Serie A 03-04).jpg;2003-2004;Serie A;;;Parma;Milan;;;PARTIEL
Perugia vs Milan (Serie A 03-04).jpg;2003-2004;Serie A;;;Perugia;Milan;;;PARTIEL
Reggina vs Milan (Serie A 03-04).jpg;2003-2004;Serie A;;;Reggina;Milan;;;PARTIEL
Serie A 03-04 AS Roma - FC Juventus 4 - 0 (Sky tv).jpg;2003-2004;Serie A;;;Roma;Juventus;Sky;;PARTIEL
Serie A 03-04 J1 Ancona - Milan 01.09.2003 (Gioco Calcio).jpg;2003-2004;Serie A;1;2003-09-01;Ancona;Milan;Gioco Calcio;2003-2004__serie-a__2003-09-01__ancona__milan__gioco-calcio.jpg;OK
Serie A 03-04 J10 Chievo vs Milan Serie A 03-04 (Milan Channel).jpg;2003-2004;Serie A;10;;Chievo;Milan;Milan Channel;;PARTIEL
Serie A 03-04 J11 Milan vs Modena 30.11.2003 (Foot+).jpg;2003-2004;Serie A;11;2003-11-30;Milan;Modena;Foot+;2003-2004__serie-a__2003-11-30__milan__modena__footplus.jpg;OK
Serie A 03-04 J11 Milan vs Modena 30.11.2003 (Sky).jpg;2003-2004;Serie A;11;2003-11-30;Milan;Modena;Sky;2003-2004__serie-a__2003-11-30__milan__modena__sky.jpg;OK
Serie A 03-04 J15 Roma vs Milan 06.01.2004 (Sky).jpg;2003-2004;Serie A;15;2004-01-06;Roma;Milan;Sky;2003-2004__serie-a__2004-01-06__roma__milan__sky.jpg;OK
Serie A 03-04 J16 Milan vs Reggina 11.01.2004 (Milan Channel).jpg;2003-2004;Serie A;16;2004-01-11;Milan;Reggina;Milan Channel;2003-2004__serie-a__2004-01-11__milan__reggina__milan-channel.jpg;OK
Serie A 03-04 J17 Brescia vs Milan 18.01.04 (Milan Channel).jpg;2003-2004;Serie A;17;2004-01-18;Brescia;Milan;Milan Channel;2003-2004__serie-a__2004-01-18__brescia__milan__milan-channel.jpg;OK
Serie A 03-04 J18  Milan vs Ancona 25.01.2004 (Sky).jpg;2003-2004;Serie A;18;2004-01-25;Milan;Ancona;Sky;2003-2004__serie-a__2004-01-25__milan__ancona__sky.jpg;OK
Serie A 03-04 J19 Bologna vs Milan 01.02.04 (Sky).jpg;2003-2004;Serie A;19;2004-02-01;Bologna;Milan;Sky;2003-2004__serie-a__2004-02-01__bologna__milan__sky.jpg;OK
Serie A 03-04 J2 Milan vs Bologna 13.09.2003 (Sky).jpg;2003-2004;Serie A;2;2003-09-13;Milan;Bologna;Sky;2003-2004__serie-a__2003-09-13__milan__bologna__sky.jpg;OK
Serie A 03-04 J2 Milan vs Bologna 13.09.2003 (Sport+).jpg;2003-2004;Serie A;2;2003-09-13;Milan;Bologna;Sport+;2003-2004__serie-a__2003-09-13__milan__bologna__sportplus.jpg;OK
Serie A 03-04 J20 Milan vs Perugia 08.02.2004 (Sky).jpg;2003-2004;Serie A;20;2004-02-08;Milan;Perugia;Sky;2003-2004__serie-a__2004-02-08__milan__perugia__sky.jpg;OK
Serie A 03-04 J21 Lecce-Milan 15.02.2004 (Sky).jpg;2003-2004;Serie A;21;2004-02-15;Lecce;Milan;Sky;2003-2004__serie-a__2004-02-15__lecce__milan__sky.jpg;OK
Serie A 03-04 J21 Lecce-Milan.jpg;2003-2004;Serie A;21;;Lecce;Milan;;;PARTIEL
Serie A 03-04 J22 MILAN-INTER 21.02.2004 (FR Sport+).jpg;2003-2004;Serie A;22;2004-02-21;Milan;Inter;FR Sport+;2003-2004__serie-a__2004-02-21__milan__inter__fr-sportplus.jpg;OK
Serie A 03-04 J22 MILAN-INTER 21.02.2004 (Sky).jpg;2003-2004;Serie A;22;2004-02-21;Milan;Inter;Sky;2003-2004__serie-a__2004-02-21__milan__inter__sky.jpg;OK
Serie A 03-04 J23 Lazio vs Milan 29.02.2004 (Sky).jpg;2003-2004;Serie A;23;2004-02-29;Lazio;Milan;Sky;2003-2004__serie-a__2004-02-29__lazio__milan__sky.jpg;OK
Serie A 03-04 J24 Milan vs Sampdoria 07.03.2004(FR Canal+).jpg;2003-2004;Serie A;24;2004-03-07;Milan;Sampdoria;Canal+;2003-2004__serie-a__2004-03-07__milan__sampdoria__canalplus.jpg;OK
Serie A 03-04 J24 Milan vs Sampdoria 07.03.2004(Sky).jpg;2003-2004;Serie A;24;2004-03-07;Milan;Sampdoria;Sky;2003-2004__serie-a__2004-03-07__milan__sampdoria__sky.jpg;OK
Serie A 03-04 J25 JUVENTUS-MILAN 14.03.2004 (Sky).jpg;2003-2004;Serie A;25;2004-03-14;Juventus;Milan;Sky;2003-2004__serie-a__2004-03-14__juventus__milan__sky.jpg;OK
Serie A 03-04 J25 JUVENTUS-MILAN 14.03.2004(FR Sport+).jpg;2003-2004;Serie A;25;2004-03-14;Juventus;Milan;FR Sport+;2003-2004__serie-a__2004-03-14__juventus__milan__fr-sportplus.jpg;OK
Serie A 03-04 J26 Milan vs Parma 20.03.2004 (Sky).jpg;2003-2004;Serie A;26;2004-03-20;Milan;Parma;Sky;2003-2004__serie-a__2004-03-20__milan__parma__sky.jpg;OK
Serie A 03-04 J31 Udinese-Milan Serie A 03-04(Sky).jpg;2003-2004;Serie A;31;;Udinese;Milan;Sky;;PARTIEL
Serie A 03-04 J32 MILAN-ROMA 02.05.2004 (Sky).jpg;2003-2004;Serie A;32;2004-05-02;Milan;Roma;Sky;2003-2004__serie-a__2004-05-02__milan__roma__sky.jpg;OK
Serie A 03-04 J34 MILAN - BRESCIA 16.05.2004 (Sky).jpg;2003-2004;Serie A;34;2004-05-16;Milan;Brescia;Sky;2003-2004__serie-a__2004-05-16__milan__brescia__sky.jpg;OK
Serie A 03-04 J4 Milan vs Lecce 28.09.2003 (Sky).jpg;2003-2004;Serie A;4;2003-09-28;Milan;Lecce;Sky;2003-2004__serie-a__2003-09-28__milan__lecce__sky.jpg;OK
Serie A 03-04 J5 INTER-MILAN 05.10.2003(Sky).jpg;2003-2004;Serie A;5;2003-10-05;Inter;Milan;Sky;2003-2004__serie-a__2003-10-05__inter__milan__sky.jpg;OK
Serie A 03-04 J6 Milan vs Lazio 19.10.2003 (Milan Channel).jpg;2003-2004;Serie A;6;2003-10-19;Milan;Lazio;Milan Channel;2003-2004__serie-a__2003-10-19__milan__lazio__milan-channel.jpg;OK
Serie A 03-04 J7 Sampdoria vs Milan 26.10.2003 (Sky).jpg;2003-2004;Serie A;7;2003-10-26;Sampdoria;Milan;Sky;2003-2004__serie-a__2003-10-26__sampdoria__milan__sky.jpg;OK
Serie A 03-04 J8 MILAN vs JUVENTUS 01.11.2003(FR Sport+).jpg;2003-2004;Serie A;8;2003-11-01;Milan;Juventus;FR Sport+;2003-2004__serie-a__2003-11-01__milan__juventus__fr-sportplus.jpg;OK
Serie A 03-04 J8 MILAN vs JUVENTUS.jpg;2003-2004;Serie A;8;;Milan;Juventus;;;PARTIEL
Serie.A.2003.2004.Empoli.Milan.ITA.twb22.jpg;2003-2004;Serie A;;;Empoli;Milan;;;PARTIEL
Serie.A.2003.2004.Juve.Inter.20031129.jpg;2003-2004;Serie A;;2003-11-29;Juventus;Inter;;2003-2004__serie-a__2003-11-29__juventus__inter.jpg;OK
Siena vs Milan (Serie A 03-04).jpg;2003-2004;Serie A;;;Siena;Milan;;;PARTIEL
